timestamp,product_dropdown,description,product_name,benefits,key_message,gender,generation,psychotype,business_stage,industry,opf,chosen_approach,comment,model,prompt,final_prompt,sms,comment_sms,corrected_sms
1739283579.2856717,премиальная СберБизнес Карта Supreme,Премиальная СберБизнес Карта Supreme для предпринимателей. Премиальная СберБизнес Карта Supreme предоставляет больше привилегий клиенту по сравнению со стандартной. Количество привилегий зависит от суммы покупок по карте.,премиальная СберБизнес Карта Supreme,"Повышенные лимиты на снятие наличных и переводы на карты без комиссии.

2 прохода в бизнес-залы.

Платёжные документы без комиссии.

Возможность вернуть до 100% бонусами СберБизнес Спасибо от суммы расходов на рестораны в аэропортах, оплату такси и проезда по платным дорогам.

Возможность получить скидку на обслуживание карты в следующем году.","Возможность вернуть до 100% от суммы расходов на рестораны в аэропортах, такси и платные дороги.",Мужской,,,,,,Указание на пользу,SMS для данных параметров персонализации ОТСУТСТВУЕТ в базе,GPT-4o-mini,"Напиши три или четыре предложения суммарной длиной от 160 до 250 знаков с учетом пробелов. Начни SMS с указания на пользу продукта. Используй глагол в побудительном наклонении. Не начинай с вопроса. 
Напиши рекламное SMS для следующего продукта:
«Премиальная СберБизнес Карта Supreme для предпринимателей. Премиальная СберБизнес Карта Supreme предоставляет больше привилегий клиенту по сравнению со стандартной. Количество привилегий зависит от суммы покупок по карте.».
Не изменяй название продукта: «премиальная СберБизнес Карта Supreme».
Преимущества:
«Повышенные лимиты на снятие наличных и переводы на карты без комиссии.

2 прохода в бизнес-залы.

Платёжные документы без комиссии.

Возможность вернуть до 100% бонусами СберБизнес Спасибо от суммы расходов на рестораны в аэропортах, оплату такси и проезда по платным дорогам.

Возможность получить скидку на обслуживание карты в следующем году.».
ОБЯЗАТЕЛЬНО включи в SMS:
1. контроль, управлять, экономия, стратегический, обеспечить.
Убедись, что написал не меньше трех и не больше четырех предложений суммарной длиной от 160 до 250 знаков с учетом пробелов.
Убедись, что SMS начинается с указания на пользу продукта и использования глагола в побудительном наклонении и не начинается с вопроса.
Убедись, что в SMS без изменений, синонимов и перестановок слов используется наименование продукта: «премиальная СберБизнес Карта Supreme».
Убедись, что в SMS есть следующая ключевая информация: «Возможность вернуть до 100% от суммы расходов на рестораны в аэропортах, такси и платные дороги.».",,,,
1739283593.570741,премиальная СберБизнес Карта Supreme,Премиальная СберБизнес Карта Supreme для предпринимателей. Премиальная СберБизнес Карта Supreme предоставляет больше привилегий клиенту по сравнению со стандартной. Количество привилегий зависит от суммы покупок по карте.,премиальная СберБизнес Карта Supreme,"Повышенные лимиты на снятие наличных и переводы на карты без комиссии.

2 прохода в бизнес-залы.

Платёжные документы без комиссии.

Возможность вернуть до 100% бонусами СберБизнес Спасибо от суммы расходов на рестораны в аэропортах, оплату такси и проезда по платным дорогам.

Возможность получить скидку на обслуживание карты в следующем году.","Возможность вернуть до 100% от суммы расходов на рестораны в аэропортах, такси и платные дороги.",Мужской,,,,,,Указание на пользу,SMS для данных параметров персонализации ОТСУТСТВУЕТ в базе,GPT-4o-mini,"Напиши три или четыре предложения суммарной длиной от 160 до 250 знаков с учетом пробелов. Начни SMS с указания на пользу продукта. Используй глагол в побудительном наклонении. Не начинай с вопроса. 
Напиши рекламное SMS для следующего продукта:
«Премиальная СберБизнес Карта Supreme для предпринимателей. Премиальная СберБизнес Карта Supreme предоставляет больше привилегий клиенту по сравнению со стандартной. Количество привилегий зависит от суммы покупок по карте.».
Не изменяй название продукта: «премиальная СберБизнес Карта Supreme».
Преимущества:
«Повышенные лимиты на снятие наличных и переводы на карты без комиссии.

2 прохода в бизнес-залы.

Платёжные документы без комиссии.

Возможность вернуть до 100% бонусами СберБизнес Спасибо от суммы расходов на рестораны в аэропортах, оплату такси и проезда по платным дорогам.

Возможность получить скидку на обслуживание карты в следующем году.».
ОБЯЗАТЕЛЬНО включи в SMS:
1. контроль, управлять, экономия, стратегический, обеспечить.
Убедись, что написал не меньше трех и не больше четырех предложений суммарной длиной от 160 до 250 знаков с учетом пробелов.
Убедись, что SMS начинается с указания на пользу продукта и использования глагола в побудительном наклонении и не начинается с вопроса.
Убедись, что в SMS без изменений, синонимов и перестановок слов используется наименование продукта: «премиальная СберБизнес Карта Supreme».
Убедись, что в SMS есть следующая ключевая информация: «Возможность вернуть до 100% от суммы расходов на рестораны в аэропортах, такси и платные дороги.».",,,,
